Video ID,Title,Description,Upload Date,View Count,Like Count,Dislike Count,Comment Count,Channel Name,Category ID,Tags
iZ9O_tl5Npk,SATURDAY NIGHT ‚Äì Official Trailer (HD),"They have 90 minutes to get their shit together. 

Jason Reitman‚Äôs #SaturdayNightMovie is coming exclusively to theatres October 11.

Follow Us on Social:
https://www.facebook.com/SatNightMovie/ 
https://x.com/SatNightMovie
https://www.instagram.com/satnightmovie
https://www.tiktok.com/@satnightmovie 

Visit our site: https://saturdaynight.movie/

Subscribe to the Sony Pictures YouTube Channel for more exclusive content: http://bit.ly/SonyPicsSubscribe 

At 11:30pm on October 11, 1975, a ferocious troupe of young comedians and writers changed television ‚Äì and culture ‚Äì forever. Directed by Jason Reitman and written by Gil Kenan & Reitman, Saturday Night is based on the true story of what happened behind the scenes in the 90 minutes leading up to the first broadcast of Saturday Night Live. Full of humor, chaos, and the magic of a revolution that almost wasn‚Äôt, we count down the minutes in real time until we hear those famous words‚Ä¶
 
Directed by:‚Äã‚Äã‚Äã 
Jason Reitman
 
Written by:‚Äã‚Äã‚Äã‚Äã‚Äã
Gil Kenan & Jason Reitman
 
Produced by:‚Äã‚Äã‚Äã‚Äã‚Äã
Jason Blumenfeld
Peter Rice
Jason Reitman
Gil Kenan
 
Executive Producers:‚Äã‚Äã‚Äã‚Äã
Erica Mills
JoAnn Perritano
 
Cast (in order of appearance):‚Äã
Gabriel LaBelle
Rachel Sennott
Cory Michael Smith
Ella Hunt
Dylan O‚ÄôBrien
Emily Fairn
Matt Wood
Lamorne Morris
Kim Matula
Finn Wolfhard
Nicholas Braun
Cooper Hoffman
Andrew Barth Feldman
Kaia Gerber
Tommy Dewey
Willem Dafoe
Matthew Rhys
J.K. Simmons
 
Also rounding out the ensemble cast are Jon Batiste and Naomi McPherson.

This film is not yet rated by The Motion Picture Association. For future rating information, please visit www.filmratings.com. 
Credits not final.

#SonyPictures #Sony #Movie #Trailer #MovieTrailer #OfficialTrailer #SaturdayNight #SaturdayNightMovie #SaturdayNightLive #SNL #JasonReitman #GilKenan #GabrielLaBelle
#RachelSennott #CoryMichaelSmith #EllaHunt #DylanOBrien #EmilyFairn #MattWood #LamorneMorris #KimMatula #FinnWolfhard #NicholasBraun #CooperHoffman #AndrewBarthFeldman #KaiaGerber #TommyDewey #WillemDafoe #MatthewRhys #JKSimmons #JonBatiste #NaomiMcPherson",2024-08-08T15:00:42Z,842640,13342,0,1089,Sony Pictures Entertainment,1,
IPAke2nPKDU,Ariana Grande Hits a High Note While Eating Spicy Wings | Hot Ones,"Ariana Grande is a Grammy Award‚Äìwinning singer-songwriter and pop-music icon with a pair of momentous projects in 2024: Her seventh studio album, eternal sunshine, debuted at #1 on the Billboard charts, and later this year you can catch her as Glinda in the film-adaptation of the Broadway hit Wicked, set to release in theaters on November 22th. But how is she with spicy food? Find out as Ari takes on the wings of death and discusses Max Martin-produced smashes, her philosophy on leaks, and the art of a good vocal warmup. Happy season 24 finale, Spice Lords!

BUY HOT ONES HOT SAUCE NOW: https://fwfea.st/hotsauces

TRY THE HOT ONES BONELESS CHICKEN BITE CHALLENGE: https://fwfea.st/chickenbites

BUY HOT ONES TRUTH OR DAB: THE GAME: http://truthordabgame.com

SIGN UP FOR THE HOT ONES MONTHLY HOT SAUCE SUBSCRIPTION: https://bit.ly/2veY50P

SIGN UP FOR THE FIRST WE FEAST NEWSLETTER: http://firstwefeast.com/signup

SUBSCRIBE TO FIRST WE FEAST ON YOUTUBE: http://goo.gl/UxFzhK

MAKE A DIFFERENCE BY DONATING TO COMMON THREADS, THE OFFICIAL  CHARITY PARTNER OF HOT ONES: https://www.commonthreads.org/firstwefeast/

Check out more of First We Feast here:

http://firstwefeast.com/
http://instagram.com/firstwefeast
http://instagram.com/hotones/
https://twitter.com/firstwefeast
https://www.facebook.com/FirstWeFeast",2024-08-08T15:00:28Z,2402607,135877,0,10193,First We Feast,24,"First we feast, bartender, burgers, chef, cocktail, complex, complex networks, cook, cooking, craft beer, firstwefeast, food, food documentary, food porn, foodie, fwf, hot ones, hot wings, recipe, spicy food, Ariana Grande, wicked, wicked musical, elphaba, glinda, glidna the good, popular, wicked movie"
cdmOK5IEkpg,Trying Erewhon!,"NEW MERCH! https://nonameofficial.com/products/no-name-grunge-tee
MY SOCIAL PAGES
Instagram: https://www.instagram.com/jakewebber9/
Twitter: https://www.twitter.com/jakewebber9/
Tik Tok: https://tiktok.com/jakewebber9/
Music: https://open.spotify.com/artist/615rzxFYpRYd5gY8eg61NK
Discord: https://discord.gg/nonames

Post Tik Tik Clips with #JAKEWEBBER and I'll repost!

MY SECOND CHANNEL:
https://www.youtube.com/@JakeWebberLive

Sub to Johnnie! @JohnnieGuilbert 

#Jakewebber",2024-08-08T02:30:11Z,660618,42066,0,3299,Jake Webber,24,"erewhon, erewhon haul, erewhon market, erewhon review, erewhon grocery haul, erewhon smoothie, erewhon prices, erewhon taste test, erewhon food, erewhon market haul, what is erewhon, erewhon shopping, erewhon food haul, erewhon los angeles, erewhon vlog, erewhon mukbang, erewhon la, erewhon market tour, erewhon market prices, erewhon market review, erewhon meals, erewhon smothie, erewhon products, diy erewhon meals, erewhon calabasas, shopping at erewhon"
Vi_AkdqOf-Q,3 Girls Fight Over BILLIONAIRE,"subscribe for more :)

FOLTYN FAMILY MERCH: https://foltynfamily.myshopify.com/

-Socials-

Discord: https://discord.gg/hqwZhrkqRr

Roblox Group: https://www.roblox.com/groups/1177555...

Insta: https://www.instagram.com/foltynn/

Twitter: https://twitter.com/Foltynnn

What is Roblox? ROBLOX is an online virtual playground and workshop, where kids of all ages can safely interact, create, have fun, and learn. It‚Äôs unique in that practically everything on ROBLOX is designed and constructed by members of the community. ROBLOX is designed for 13 to 18 year olds, but it is open to people of all ages. Each player starts by choosing an avatar and giving it an identity. They can then explore ROBLOX ‚Äî interacting with others by chatting, playing games, or collaborating on creative projects. Each player is also given their own piece of undeveloped real estate along with a virtual toolbox with which to design and build anything ‚Äî be it a navigable skyscraper, a working helicopter, a giant pinball machine, a multiplayer ‚ÄúCapture the Flag‚Äù game or some other, yet-to-be-dreamed-up creation. There is no cost for this first plot of virtual land. By participating and by building cool stuff, ROBLOX members can earn specialty badges as well as ROBLOX dollars (‚ÄúRobux‚Äù). In turn, they can shop the online catalog to purchase avatar clothing and accessories as well as premium building materials, interactive components, and working mechanisms.",2024-08-08T15:00:23Z,618831,13526,0,2665,Foltyn Reacts,24,"Foltyn, Foltyn family, family friendly, foltyn reacts, reaction, foltyn reacting, foltynplays, roblox foltyn, foltyn reaction, foltyn roblox, sssniperwolf, morealia, socksreact, infinite, dhar mann, dhar mann reaction, girls fight over billionaire dhar mann, these girls fight over a billionaire dhar mann, reacting to dhar mann, three girls fight over a billionaire"
Ifs6oppE858,NBA 2K25 | MyPLAYER & MyCAREER Courtside Report,"üö® #NBA2K25 MyCAREER and MyPLAYER news is here!

Read the full Courtside Report here: https://nba.2k.com/2k25/courtside-report/myplayer-and-mycareer/ 

Take a deep dive with our Developers into what's coming to #NBA2K25 including:
‚öôÔ∏è Revamped MyPLAYER Builder
üî• All-new Takeover system
üìà Improved Badge progression
ü§© Immersive MyCAREER mode",2024-08-08T15:02:23Z,127508,4533,0,669,NBA 2K,20,
uElOXplQyhg,The *OFFICIAL* NBA 2K25 MYPLAYER BUILDER,"üö® NBA 2K25 MyPlayer Builder is HERE! üö® Get the inside scoop on the official MyPlayer Builder for NBA 2K25 before anyone else. This video breaks down everything you need to know about the newest features, updates, and gameplay mechanics. Whether you're looking to create a dominating Point Guard, unstoppable Center, or a versatile all-around player, we‚Äôve got you covered!

In this video, we‚Äôll dive into:

Leaked details on the NBA 2K25 MyPlayer Builder
A step-by-step breakdown of the new customization options
Early access gameplay and first impressions
Analysis of position-specific builds for Point Guards, Shooting Guards, Small Forwards, Power Forwards, and Centers
Pro tips for maximizing your MyPlayer's potential with the best attributes, badges, and takeovers

My 2nd Channel: https://www.youtube.com/@UC-1uXb1LBQ6m2JemPBbyBGA",2024-08-08T15:02:06Z,165510,5711,0,716,Joe Knows,20,"nba 2k25, nba2k25, nba 2k25 gameplay, nba 2k25 my career, nba 2k25 trailer, nba 2k25 news, nba 2k25 builder, nba2k25 builder, nba2k25 my career, nba2k25 gameplay, nba2k25 trailer, nba2k25 myplayer, nba 2k25 leak, nba2k25 leaked gameplay, nba 2k25 myplayer builder, 2k25 build system, 2k25 gameplay, 2k25 trailer, 2k25 my career, 2k25 news, nba 2k25 build system, joe knows, nba 2k25 myteam"
dliw5-ZmGrQ,FNAF Into The Pit Part 1 - PIT SPRING BONNIE IS HUNTING ME DOWN..,"FNAF into the pit gameplay walkthrough part 1 We fall into a ball pit and end up in the past trapped with Pit Spring Bonnie..


Game: https://store.steampowered.com/app/2638370/Five_Nights_at_Freddys_Into_the_Pit/

Five nights at Freddy's Into The Pit Part 1

#fnaf #fnafintothepit #intothepit",2024-08-07T20:56:46Z,613715,33668,0,6140,FusionZGamer,20,"fnaf, fnaf into the pit, into the pit, into the pit fnaf, into the pit gameplay, into the pit ending, fnaf into the pit gameplay, fnaf into the pit walkthrough, into the pit walkthrough"
SUtpk6c7GTw,Blind Dating 6 Guys Based On Their Parents,"For todays video, I put my friend JUJU on a blind date with 6 DIFF GUYS!!

USE CODE ""BLESIV10"" FOR 10% OFF YOUR SEATGEEK ORDER. https://seatgeek.onelink.me/RrnK/BLESIV10
$25 MAX DISCOUNT

CHECK OUT THEIR SOCIALS:
JUJU - https://www.tiktok.com/@jul.1ssaa?lang=en
DREW - @FredoXantanna 
KYLE - @iitzzkyle1k
@TwinsMyWorldFABIO- @fabioguerra 
KEVIN- @KevyKevs 
JOHNNY- @__JOHNNYGEE
DIEGO- @D.GARCIA710

#BlesivFam üå¥üñ§

Business Email !!! - BlesivMgmt@gmail.com

Make Sure To Follow All My Social Medias !!!!! 

Instagram: https://www.instagram.com/blesiv/
Twitter:  https://www.twitter.com/Blesiv
Snapcaht: https://www.snapchat.com/add/blesiv?locale=en-US
Tik Tok: https://www.tiktok.com/@blesiv?lang=en

I LOVE YOU GUYS & MAKE SURE TO SUBSCRIBE & EXPECT MORE VIDEOS !! üòé",2024-08-08T01:11:38Z,262945,10709,0,439,Blesiv,24,"blesiv, alex blesiv, juicy mukbang, mukbang, mukbang video, juicy mukbang with my cousins, mukbang blesiv, dirty questions, deep questions, blesiv deep questions, mukbang video blesiv, blesiv cousins, blesivfam, questions blesiv, deep questions blesiv, dirty questions blesiv, alex guzman, blesiv video, blesiv new video, blesiv mukbang video, sleepover, nathaly cuevas, jathaly, these foos, David alvareezy, JUJU, JUJU TIKTOK, BLIND DATING, BLIND DATING VIDEOS"
JDiD8Z3lWQk,Colin Farrell Opens Up About His Son With Angelman Syndrome | PEOPLE,"Colin Farrell opens up for the first time about life with his 20-year-old son, James, who has a rare debilitating disorder called Angelman syndrome and why he's starting a foundation to help adult children with similar disabilities prepare for greater independence. The Colin Farrell Foundation will provide support for adult children who have intellectual disability through advocacy, education and innovative programs.

Subscribe to People ‚ñ∫‚ñ∫ http://bit.ly/SubscribetoPeople 

*CONNECT*
Web: https://people.com 
Facebook: http://facebook.com/peoplemag 
Twitter: https://twitter.com/people 
Instagram: https://www.instagram.com/people/ 
TikTok: https://www.tiktok.com/@people

*PEOPLE* remains the trusted authority at the center of pop culture. The PEOPLE brand features a unique mix of breaking entertainment news, exclusive photos, video, unparalleled access to the red carpet, celebrities, and in-depth reporting on the most compelling newsmakers of our time. 

Colin Farrell Opens Up About Bond With Son Living With Angelman Syndrome | PEOPLE
https://www.youtube.com/user/people",2024-08-07T12:03:33Z,3016851,90502,0,5178,People,24,"People, people magazine, colin farrell, colin farrell interview, cover story, colin farrell son, colin farrell son james angelman syndrome, angelman syndrome, colin farrell son james, colin farrell son angelman syndrome, colin farrell interview 2024, colin farrell interview about son, colin farrell interview son, angelman syndrome adult, angelman syndrome colin farrell, angelman syndrome baby, The Colin Farrell Foundation, angelman syndrome laughter, angelman syndrome laugh"
mJW_ZRKQH3w,unreviewable 2,"vultures 2

===================================

Patreon: https://www.patreon.com/theneedledrop

Follow your melon:
Twitter: https://twitter.com/theneedledrop
Instagram: https://www.instagram.com/afantano
Twitch: https://www.twitch.tv/theneedledrop
TikTok: https://www.tiktok.com/@theneedletok

All editing by Austen unless there's another credit above.",2024-08-08T02:05:22Z,504063,29633,0,3403,fantano,10,"music, anthony fantano, needle drop, kanye west, ty dolla $ign, vultures, album, bad, trash, lyrics, ai, 530, sky city, samples, rap, hip hop, not good, songs, reaction, review"
